<?xml version="1.0" encoding="UTF-8"?>
<?uncp-output-style body?>
<?xml-model href="../../../Documents/schema/uncp_tei.rnc" type="application/relax-ng-compact-syntax"?>
<TEI xmlns="http://www.tei-c.org/ns/1.0">
<teiHeader>
<fileDesc>
<titleStmt>
<title type="title">TEI Sample Article</title>
 <title type="sub">Nulpa dolupta volorer spicidia voluptatur</title>
<author xml:id="petersj">
<name><forename type="given">Jane</forename> <forename type="middle">Q.</forename> <surname>Peters</surname></name>
<reg>Peters, Jane Q.</reg>
</author>
</titleStmt>
<extent>86KB</extent>
<publicationStmt>
<publisher>Publisher</publisher>
<pubPlace>PubPlace</pubPlace>
<date>2011</date>
<availability xml:id="notCleared" status="restricted">
<p>This image has not been cleared for online publication.</p>
</availability>
</publicationStmt>
<seriesStmt>
<title/>
</seriesStmt>
<sourceDesc>
<biblFull>
<titleStmt>
 <title type="title">TEI Sample Article</title>
 <title type="sub">Nulpa dolupta volorer spicidia voluptatur</title>
<author>
<ptr target="#petersj"/>
</author>
</titleStmt>
<publicationStmt>
<publisher>Publisher</publisher>
<pubPlace>PubPlace</pubPlace>
<date>2011</date>
</publicationStmt>
<notesStmt>
<note type="abstract">
<p>Ihiciate ndignatur, que endi consequi raeperum vendelibus aute dolupta tatqui nis doluptatures et ad endit, nestium fuga. Um alit omnissi minust quaspel eum venis earuptatium quam apel ipid ullent lautemolo et dit eostruntur sunt ma sam, cum qui tem ipit ex etuscia nobisciis poreicte volupta des dipsant ma aut quia solorum il intem labo. Itatem estrumet vit, ut dolorero de aut isi utet reratem aceatem harum sit, ut ea verro expliam atiam inciis atet lab inctam, omnis in con pe volore nonsequam, conemque voluptium eius dolest veligendi dia nonet faciet, am dolupis aut as enimped quam, officip icatur, quidusda ab iliqui dolo tem. Mi, odigendion es as velictibus estiustempos everest hari ut qui cus eseque quam atur simoluptiae quide que quod que nobis ipsumen ectotatur assum et re, ides dolupti aut rem volupicipsus pra quatus magnimusa ipiciis posam facea comnim aut everuptibus delliatur?</p>
</note>
</notesStmt>
</biblFull>
</sourceDesc>
</fileDesc>
<encodingDesc>
<projectDesc>
<p>The electronic edition is part of the <emph>Long Civil Rights Movement</emph> digitization project, a collaboration between UNC-Chapel Hill and the University of North Carolina Press.</p>
</projectDesc>
<editorialDecl>
<p>The text has been encoded using the recommendations for TEI P5.</p>
<p>Any hyphens occurring in line breaks have been removed, and the trailing part of a word has been joined to the preceding line.</p>
<p>All special characters have been transcribed as Unicode characters, except for the five reserved XML entities.</p>
<p>Indentation in lines has not been preserved.</p>
</editorialDecl>
<classDecl>
<taxonomy>
<bibl>
<title>Library of Congress Cataloging-in-Publication Data</title>
</bibl>
</taxonomy>
</classDecl>
</encodingDesc>
<profileDesc>
<langUsage>
<language ident="a" xml:lang="eng">English</language>
<language ident="a" xml:lang="lat">Latin</language>
</langUsage>
<textClass>
 <classCode scheme="http://purl.org/eprint/type">JournalArticle</classCode>
<keywords scheme="UNCP">
<list type="simple">
 <item>unte</item>
 <item>voluptis</item>
 <item>consequis</item>
 <item>faccum</item>
 <item>evelit</item>
</list>
</keywords>
</textClass>
</profileDesc>
<revisionDesc>
<change>
<date>2010-03-22</date>
<name>Kenneth Reed</name>
</change>
</revisionDesc>
</teiHeader>
<text>
<body>
<div type="paper">
<head type="chapterTitle">TEI Sample Article</head>
<head type="chapterSubtitle">Nulpa dolupta volorer spicidia voluptatur</head>
<byline>Jane Q. Peters<ref type="noteref" n="*" target="#un1">*</ref></byline>
<div type="ahead">
<head type="ahead">I. Introduction</head>
<p>Epraerchil modio cones que nestem quia sectur, occati nonsent endelendi nos magnisc iantiorum rerrorumqui accatusantis quo idia non eum nobis adis erum repe volorer natatum qui nulpari voles sime dis que de voluptatum ipsundi gnitasped ulpa nobis maio blaccat alibus quae sam volorro moditat eos ercidi as verumet vendici magnam, sam fuga.<ref type="noteref" n="1" target="#note1" rend="superscript">1</ref></p> 
<p>Nequam, nusaper spicia qui volorep rendebita sum ium quatur aliquid untempel mo occus. Minvel inctusant. Lest, ulpa delestio tem im ipsam harcit, quossim fugias volupita quam, sam doloratur? Agnimi, eveni ipidisserrum hit voloreptatur susam es aut volorum fugiam, consequosae pra vent.</p>
<p>Ota quamus aut facea con et, omni officaborum es maior ra consequam quia dolesciis dit reribus dolent velignis pelenis et et quis etur?</p>
<p>Git qui asitis siti blam quibus expliquunt.</p>
<p>Tionseque ant dolupti berumquid qui comnihicimi, omnim explitam expel moluptat laturep tasperore ne corror as ditatem undis moluptiusam, omnim cumquos maxim renis acest, velicab ium voloriam re prehent, ea ipit ma ex eium assed qui cone core doluptatur, cullabor apitat.<ref type="noteref" n="2" target="#note2" rend="superscript">2</ref></p>
<p>Itisquis eaque occabor maximenduci sam alitinulpa conem reste posae consedicae nus aute quis as et aut elloritiusa volore rem quis aut volorum a quid qui optae volut plam quas evenis qui berum rerum enimagnatur, con eveliqui omnihilla pellitatust ma solut autat imint.</p>
<p>Pudia porerum quis illab il inus aut quos am re, ut delitatem es utaturit mi, tendel ium voluptio. At evendes modit, to bersped ullor aut od quias eium et incil eles volupti aspidi te eossimporias inciusae nis et andigendis que ium qui omnia ipis sim hil mo tempeliquis volorio dolecat.</p>
<p>Quosseditat aut eum eos doluptat.</p>
<p>Ga. Ita pre pero int debisci atiore, nobis nobis simin re verum vero in pellabor rem velliquossit maio mos sunt aborehe ndipidendaes eatibus autatem ipsundae modis dolupta quatat in eturem con necea doluptaquia parchitiam, odi conseque quianda essunt que excerum aut lab intur, quo estotatem volest, nobit qui id minveli quiditatur, num et doles aut voluptaqui di temque velignimus.</p>
<p>Et a aut ad molupta erioria ndipsam usandae poresciur? Quissit quia secest et officatur aut pelite quodi ut que doluptatent rem eos excessinci sedicat iusaeca boriaer iandundam conseque volecatur, vent exceariassi sequibusdam, natur aut quatio doluptatem cumet magnis parum quis volorerum et venem que invent andignistem arum ut estissinum fugit quasperumet eos ipsae ea sam, torerum liquassequae inus etur? Um ipit exeria sequam, sum qui corectur rem que sequi optatus daectem. Icti que reprovid quatiorepe nam voloreium que odia peditemped quis simpernatur rectur?</p>
<p>At unte voluptis se consequis rem et faccum evelit maio. Nulpa dolupta volorer spicidia voluptatur, et velessinum volut optur ma perume rectur mo endiossus nos nobit quam evelliq uatiberunt ommolorem erias ut molumqui consenet provid eos et rerum ipsaperibusa verum quosa es dolorpores qui commoluptiis niet velecti consedi optum erfernatatio berem estiorectas ererumet am hilluptatur?</p>
<p>Uciandi gnation sequis sunt audio quis dolorem eatempe ligendit omnis dolupit reritatur, nonest, sim a nos dere cusam, sin nonestis et et od modionsed qui aute dolupic tem velia quibus dignam repe est, simin repe vero int qui tem ea conse nimposa ducienes sequatures volorectium auda volutem auta et quam, num inime quatur sum acerio et qui volorep udandisquid unt rem quiataqui ommolupiet rae ernam rerrovid qui volupta niae ventus pratem exeri berchicae net autatus rem volupti officia doluptae nonetur sam quae que officip sundelit, odit aborupit, omnitat emporepel et etur? Ex exero to tem sapidem quat autet aut utes min comniet intionsequi omnis alitis as di solum dolorest qui del inimus sedita sedions equatur sus unte ne nobis eossitinim eum reptaque ipienditame rae ad unt ullo tem quo et minctur alia esequam ratem alitio. Que liaspeditae cus ercil molorio necume volut a qui beaquiasped mosamus vella dolest quos ex essitatur rersper natiistia veria audignam istia quo volum idelest que sequati comnis sum culpa is nonet od quoditem et quam intorro blabore, occus doluptat estorporita que dolupta sperfer epelis excepta susdae volorer umendam repudis ut debisquo earum dolecae saperibea sum sincte nusaniento es dolut deriores eatis pere, tem fugit lacearum si ande sitat lia verchic atibus pe occus earum exere magnam evernat aquatuste sed unducit utatur ad exceste mporit aut mos eario etur? Sus eiuntiae re non coruptas mi, quias am rem haruptatem que nat a secersp eribus alictur?</p>
<p>Rion niendit faccae restiat.</p>
<p>Ignisci usamusam qui volo dolupta ssequi is acerem aut ut eum quibusant ut quodigeni tem qui cum andae nulpa volorer eperchi taest, nihillupis molupti orerum nonsed et ea es sam qui sunt.</p>
<p>Quid mil eturempore non etur, suntur?</p>
<p>Ihilibus. Ferore conest aut alis dignim iderum sania sed eiur? Iquibus daeriatur maio te sum corenis volor adi consed utest est atem eliassunt accumquam laborerferum et aut lab imusam que offic temoluptio bla corerum labor reptas di cumet molupic tem sam quame nobitio nsenitatur adistet, volo que dolupta sperepe lestem inctatium faciliti nust magnam, quod ma cus reped ut fuga. Neque ne as eum volo qui que eveliqu istisit voluptio voluptam nobis modis volorepe plici ommolor epudae num laut ipsandios maximi, eos es dolupta dolupta erchiciis dolupid quas maximporum cus, il ipsam faceritae des ut laborep udaeprat oditibus eum aliquam ea seque consequ idebis et et exernatistem dolupta spictur? Aximperum harum, vitatem poreptati volupti onseque sapis vidis dolupid qui te core as dolecum et millendunto eventem excepudisit, omnis esenimp oressedicium delloremped et eos modipsa pidistiur siment.</p>
<p>Ex enda iduntur remolorum im quis ea quiae cus netur antinctur, quat.</p>
<p>Ebit dolores ciurio molorep udandun torere veliqui voloreptatem simagnime es volupti issint.</p>
<p>Lignam utes re non nimendae dellenda dicientiant rent aut officit ommolutet molores sintiat expel inciend emolorepelit landendestem et rectorrum alici cum inverit aspere reserro rentiusda soles aut res et, nonsed quam que el erios nonsequo quatio molo magnia vernatur autem quatur, il id ut explanis apitem si cor aut voluptas et lab iuntiora quidis corestem. Et eostibus simodis digentorunt quat a si nobis dic tota quissitatusa nustius sam ent invenditi ilit ipsandam quo explab int aditi cuptatur, nonsequi tem. Bernam inte doluptat.</p>
<p>Hent que nosanto beriorum electes atiis del erum ant, corende llique cusam harchil in cor res dolorior aliaeped et ut velestios inissundit as et offic tem quae dolor sam essitaque volor abo. Nam nust, odis molor am aliqui doluptati ut eror aut autemos sequatest minum re nis destiatur, nam comniae niatur aut audi omnit, sitasse quatur? Quis earchicab ipsaestia natem sitat et autem rerferfera dolorio remposto iunt quo et, temqui apiditiamet duciendisi derum vendis nitias sinctem porumetum reculluptat quis peditat ioriandaere que re ea dollabor moloren ihilibusam enem. Itas aut quam consequos ea que con namus maiorpor sed enis autem. Vit eos arcimi, corrovid excepta tistem. Nam quatemp orernam, quidera volore dolupti umquatia none nobist, quam eribea sum eveleca borrum et doluptur, excea saped enisist moditem lant et omnihic tem vellabo. Nequide non re corit es nistem in estis sintium ipsanihit fugiatum que voluptae por as et apiet eiusam, aut aspis dia si odiorep erumque enda voluptatet omnimus apicim autaque num etur?</p>
<p>Uciet lant as expe ipsanto cusanihil mint aut as eaquid ulparum faccusa perorae prercitae ipsus doleseq uodigni mpeliquamus quunt audae volessimus et volori blabore sectur sus poris modis dolorum aut laut eum rem quidi quam quo et apis eum in natis quassus pelenitis sequis essimus aut ipidenet offic tem quamus eos minte porerfe rferum etum velibus veliqui te od ut exero consenis de sinctorit qui sam rerovit, omnihilit, offictiunt fugit, arumquidebit moluptatur maiost, te licimin cipiendes quo optam, num et vellaut voluptate quia quia a coritat odi aliquam volo voluptate ipsant dipiditia volum quam, sunditaqui officiis volecabo. Nequatur aut rendae sit est, idelicieni di officabora quibeaquia delenti dit, opta volupta quam et quiscia vendita ecercienit maiorro ea pro officab orerit lit lacea si ut quam et, qui ommoloremquo mo in et essi ipientiur rat.</p>
<p>Faciisit quuntium ne veri ut inusdaest apic tem esci utatur, cullabore rendus, nusam nihillo reperspidi denimus eos ut occabor accum quidissuntur andaeris ex et que incitio raeroribus int lam res aut que vid minctot aecepelest, nis et as aspelen ienimuscit ipsam natem ad quo bearum faceperianto mod ut dolut autatio. Mus duciis est que parum, offici quatint as postincia doloria inctet latiscipit et erum laboriam fugitatias ex explabo rectibus pliquias nones pe si officiis aperis incidio cuptionsed quibusa dolupis explacc ulliqui dignimaximus etur? Quiae sit ra volupta cora veles consequi ne del mi, tenda vent fugia volores doloraes expero tem aut exces ratis minctotae et ex estiisto volorum int, is sam re, nis dolorat apelibus eostio et vel ilique porae sam voluptur sitios am id et faccabo restem facepudio ducimpor atendi si diorro tota vent aliquatur a parchil laborepudam experci psumquassi ratat volorem vendel modipiendi ut raerunt ut quist prepelest, consectorero te verae nusaero videbit quo modit et que ma nonseris explic tor aut pe volorum sequi im fugit es et verspiciusda quis aborent, nos sum quam nosam et omnihillum quidemos qui velectem quis evellestis ex et et estendisquas alictium quid modis autem net expeliquo quam, corrum re, vit ut pel is est, sum quibus, voluptat dest, corae mintiis quodignimi, issum quaepra perume es estem vel ipiendis ex enest, qui sus, to eos volupta spictent aliqui dolupta spelit facestiae sit aliqui berchil isquiatque omnis iusdandit prat qui tem et ommodit vollori idit utectur simus unt lant ipsumen ectur, consed magnis atist volupta corios vollam, comnimus utem qui dolorem qui as et quis eos expe por maximus.</p>
<p>Otat qui diaerchic te inctotatat es eaqui cuscimus, omnis aut dolor arum non et fuga. Neque eum voles non percium cum nullab int volorum laboruptatum voloren istint eumquasperum re voloris maios re moluptatem faciet que maioreh enimosa ndistia simodic tes estistio. Pudi ab ipsundam facea apis eos sintis illabo. Ut magnisquam faccullabori dolut audiciae enecessunt.<ref type="noteref" n="3" target="#note3" rend="superscript">3</ref></p>
<p>Sit molupta quaeper enient ut pratess imaiosa pla volent, naturep elestii scidendit, ni que nimolorat plibusa perum, ad qui num faccaec earum, cusant.</p>
<p>Officil in nis que omnia eostibus quos et, untiore mporepe rnatentur simus moluptio. Et laboria perferf eratur, omnis des doluptaquis cuptur alis consectem expliquo venda voloreium erum ipsum hicimin peressi molenda nient, ut quia voluptatecum aborerspient volecab ides aute prorro doluptat exceaquatem fuga. Eresti totas dolorro videlec erferum quistium nem volor sit quia que eos eum reriosam, sit que volo volupta epratio voluptatemo et volor am qui int eum si ra nam ariaerum elligniet veriberes ad erspercillab iliberum reiur, eturepe rumquodi dus nostotatur, tem inverores ate cum amus aciet essiti oditatus ius, senihic te velluptae non perum volenih ilianih iligeni mperuptint esequi dolenis am nobis ut volorep udigendae nos nossi blabor re aut molor as volent eati tem dolupti aut aut rehenimilla peditatio. Ut ut es doluptation et ipsuntium fugitiis et ommod qui ullignatet minumquos dolorio rumquo omni quossit porersperum fuga. Nem ra iur?<ref type="noteref" n="4" target="#note4" rend="superscript">4</ref>  Ma invendunt alicimus excest, abora velitatur, secullo ribere omnimpellor aut alicte ventibu scipitam ex erum rempers persperum de omnit, conse nonsequas dunt facipsapient magnate sedipsa pelitem porepelic tem alis magnis ea nam reptiisim volorro imagnis nos maio bearum harchictis con nonserion nobisqui voloribero dem fuga. Ferferion pa sundis aligni optas magnihiti core, si cone enis dolor magnis expelestem earcidus invendis aut idus et volores repellibus magnist fugit, que vollat videbit ionecto tatur? Qui ipsuntotae. Nequid enihicitio cus exerite mpore, quibea sum quaspid ut iducid moluptae voluptat et hitia non essum idelignat enda comnimo lupicipsum quas aperum alibusant quidian delestium quiam, idem cum vent, cum digenih ictorem lautate secabo. Em qui volut ped ea neserumque minvel inte parcipis ditate volorunt idestrunt aut volorror asitius dolo berfere ssequibus venis aribus nonet id que in eos acestiorum vel idi consed et doloreped moluptas veliquia vid qui cullore icilit veles as aut magnis abora dolut liquide ssimodias simet pla nis dusa nem rera que la nullique volore vel ium aruptiur?<ref type="noteref" n="5" target="#note5" rend="superscript">5</ref></p>
<p>Aqui dolupis consequamet estiante maxiministo que ommodisto dolores voluptae voluptatemo cor rem doluptatur reperor ehendebitiam quo et repratur, totat et id unt.</p>
<p>Quam que nus et que pore con eum intemolupici sumque nonsequi offic tem. Tem ipsam faccae est libusdaest, aut inum il is dio. Itatur? Qui is aut qui digenec tisseque mos nectati onsecab idi sit eumquunt quia voluptatur, sapis dolorro ero molupid et volupta volut lit, etur, tem aut re, am, cum atqui dolum qui res et molo velessu ntecte volupiendi comnihit omnisim illore poratias aperibusae.<ref type="noteref" n="6" target="#note6" rend="superscript">6</ref>  Ori ut lam re porions equiatur rerum essit, temporro qui ipitatur min eum desequatur rem nobit, omni aut landae nietur aut parum quibere pernam, et eatia solorrore voluptat latioritas re niti occum aut parci quodita tiore, et quiatio. Odisqui atatur audaestis dendebi tatium quament, eiur, sinveleni renis est, conestionsed essimax imaxime plique ilique sundenempedi receruntem vent aut reperatusti resti quo ventorest lis nam rem veri occusa estrum sa volorum venimol orest, eos nonsenimin conet oditatenet isquodi consequate conempo rerupta temquae perferunt fugitatibus, vernati con pliquisciis aut estoriatur?</p>
<p>Occus. Imporem voluptate auta voluptu rendam nam quam, inverecatis auta pra nit am aut facipsaped maximin rem a volore eum est, ut volut hic tescipsam, unt minus ilibeariosse conesti onsequi re nonserios nullit ommodit adis et qui beate mincti qui alique nonseque nonsequis dolupis restrum repuda dolupti repe poritiis ditatem peroribus, sunt ilit, nuscim quamet aut as utemporrum dolorio nserorere, que is acia cum voluptatate non nulluptasi volupti onsequia sit, volupis essincto totatquis aut moluptia voluptur?</p>
<p>Nem facepel modit qui solupta tecatis seribusa quid quam ne que quid quias dolupta sinctur minciusam fuga. To oditis dolor magnam consequides doluptistio. Nequisque nonsequ ianimus.</p>
<p>Aceati volore alit ipidem abo. Nequi bea ium sit quaesto debitio. Nequid unt init landant untioreped quas nam rectoribus et vel mosam qui ommolum dolorenite vid mi, sim in et es sum excese pa doluptatur as autem imilibe rferio. Ut molesed ipsaeri tatibusam quiat quae. Et qui res esti reptaqui idionse quatatem et es is audaeperumet antum asi blabor molores milibearum aut ullupta ime odi am, core velliatus sa sed maio. Boreicius, solorit, quaecte vellorro doluptae ipsum ea nonsequos inciam dolorerit latus seque voluptas inte nienime sequi sequatur, quas et fugia pratibus.<ref type="noteref" n="7" target="#note7" rend="superscript">7</ref></p>
<p>Ectibust, simperovit facculp arumet, vent lacerit, voluptatum volori rae di de mi, qui odicipsandae et que provitemo beatem vella vernat quia dunt auda vendesc imusani endae. Temolum re vellam faccatia cumque magnamus mi, sunt fugiant quuntem ium vellupta ducipsa pernatios evenis a cupta sed ut es rero ipsapiet voloris anduciet parchil es quam qui coriae cusam intus ditetemporep repuda doluptis et qui optatur, evelendunto ipiendusdae pos apitatiur, tem conemporum faccume commolorerem et ut hil escient incipictam doluptatem si velia sam res ex et lationsed essit am quidiant est fugit et occae vellaccus sum haribust la sum quiatas est fugia vera de velles id magnit, tem quia comnimus endae plibusandam aut pe omnienist alignam fuga. Em am, qui as asi vollitatur, ni unt etur?<ref type="noteref" n="8" target="#note8" rend="superscript">8</ref></p>
<p>Occatque sam reperiam que reperio ipsam volestrum faceperio bearciatis magnis alit quas re num voluptam quisquiam quibus repra necte peritem ipsam erferit auda peria net et, acepudam a nobis alibusdant.</p>
<p>Bea il molorer ature, int perumeni nem ut is nosantem nonsecturio. Ut expedit atecus delent apidi remodisque solore posa sit, odit quibus re nume pre vendemolume ex ea dolupta tinuste ex et re, to totation natur mi, temquis imagnatur, ant.</p>
<p>Enieni as quidebit peres assinum eturibusamet ea se adi consequam ex eatet faccusant.</p>
<p>Eheni ut pratem demperaepra sintibus ex ercient iberibu sanditiundae videruptatem alis dolupta tiorporerro volore nestis quiatem pelignis modion ex eariae expelen essimusaperi solupta ssinvent utecerest ra quistiusam hiciisquas est pa cor sunt.</p>
<p>Optio qui cullupt aecest aut aut explit, opta non nus, ut aliquunt perioria eos et aspel modist, te doluptur, odignihic to imoluptates quam amet ellenis et pore eaquidebis ra volupta testendus.<ref type="noteref" n="9" target="#note9" rend="superscript">9</ref></p>
<p>Odit, que etur sum vel mil et asperrovid evenditas cum est ut accus nihit quas eate volupta temolup tatempo repudaecatis volorat isciis as ut aut aut volorehente volupta inis isi dollaci aecteni dolorem suntio te et resequosae dolupta vendaes truptatur ad ut enderum ipiduntem. Nem quis dusto enisqui sitemque ni ium reperibusae prae landa volut officatem faci bea viduntet di corum estrumquo offic tet vel minveribus, utem ide perspe voluptam, im fuga. Nemolum, sant, sae rerchicia volupti dolorer ibust, omnimaion natquis dictempedi volorescient est as reris voluptatem estotatur?</p>
<p>Ad ut quam estempe llecepedi dionsed quas nonsed molorio cum re natur rehendit litia pos quatendae ratia nonsequia alia nobitasperae plitist, nus.</p>
</div>
<div type="ahead">
<head type="ahead">II. Samusandam faciumqui siment</head>
<p>Epe re cones maximus et et omnis explaceatur reseque et eosandi dest, officipsum cus corisin vendam, ut et ut occae nestrum dolorum fugiam fugit audit oditatem quiam aut et hit, ius qui simus parit voluptatet, ut liquunt aut doloremqui a quaspedia solorem qui unt.</p>
<p>Os rectendent optatusci in nam alia nus, sum ut aut aut fuga. Giassus et estem eatur sint eos dit molorep ellibus sum quaecus quo tecusam coratum faccumqui consedis prat volorporem sime eati dolorest, quid ulliquam nonseque ex eos ut volupta vendantibus cus quos earum que molorem sinctat quae volessit, teces sequat.</p>
<p>Lestis dolorestrum volut doluptiatur rempor sequidel ipis is coreribeatet facea num hitatquodita dolor aut fugiae cusciliquid es idi niminim olorem facestiis sitiam cus aut quodigentem quid quam et rerum aut quo ea exceritiur sit eatibus mod mod utesti quo blandipidic tendita quatur, sim nimaximus alit harum eum est qui od experum voluptus etur alit, voloria sapiciis si atquas molupta tustotatibus eos sit harumqui autem fuga. Ut mo modi omnihil maximus dolor res destem fugia con rectet, unt.</p>
<p>Soles dusdaepratem aut verum fuga. Um venditibus, soluptasim quae volorumquo es eicabor atio. Ipic tem quo commossum quam volorum quatiunda conse ea pro vid ellupta esecti blab illuptam am ut por atur, volupta volum nosam, quides desequas est fugia estiur sitat as et idebis non comnimil invent vent.</p>
<p>Por ad ut inus verepre stiorrum exped quis int, quamus accati dit, cullores molorere quam ventus de plaut reperatior reperia ndandunt fugit, cuptatumet et maximincia porempori raectur ad unducitiusam velibus iuntion plabo. Et qui blabore entusanda volupta dist hitatus eum recus rerum rem ra corum qui con el id quas eaque cus est isit aspienis sit, tem. Tem faccullautas eation por min ero quo doluptatia cus a dolores min parum am excest qui ulparit, sant, qui core, ad magnist, sanducitis veliatur as di sum qui rem et que et, verchit, officiis res eat et estecul laccupt atatur a seque vernatem dolorem olorporrum rerum velliquam et, tem ist aut qui volorro reicipiet quia nus vent id quos in nonecti nctur, in essequatatus mo te volum entia incia nonsequam qui omnis porerum hiciendist audias ea nis eri nonsenitatur as volorite poreprate de praectam, nes iur aut venis venditem in plit quo to idios nonempos et aboreium etum verum harum recatios dolut quossum dolut prestius qui ut alique voluptae duscia aut qui imporeius rem velessinis maximenis moloreh endant in et pro modi qui aliquate cum ad estinul luptae non consectem excessi ntibus aceaquam estiis ex es re nobit omnimaio. Sincitat aut officiati optur?</p>
<p>Tur aut litatias destibus apiendit hil es eossequame nissimi, tetur re et ea cum et ut lam fuga. Delestrum, ut enis es ex et, que inis illupta descimuscid ut milique lia sum rectem quas el ima evende siminci occum reprempor alia sed qui deliciam et hillam invendi tiatiosam, eum rem reped quas pliqui nobitam qui cum que vernam, conse eate volut rem sumqui reperio. Non essunt.</p>
<p>Asint utectur? Sapicii scidem quis culpa quiati qui blam quis nobis ratem quiae perion porro temqui optatiis autat eum que dolor sum quam dolorrum evellit quos aliquiae ad maxim quiaessed untis ea atur?</p>
<p>Ut voluptassit auta nos nus, omnit, nis aut lita suntem quias cum utet harumet as doluptate nissum aut rescidis mollenis et optatibus repercias repeliq uidiciis aciet facidig enimolo rrovit re exceat.</p>
<p>Olorpos molut vent doluptatin proviti scitat.</p>
<p>Es et accus ut doluptisci tem nonsecae sitium haritiunti temporem rae nis sed que vent aboreperepta inti cus sus por aut aut volorerro vit omnihilianis audaniet maionem vendis modipsam est parum illendam expligenis ressita is delitatio quiandae eictur ra nobis mi, cor resequa turepratur re odi quo volorum aut ped ex explaborio. Nam simendit, non ratur suntibeatur, ut et volupta pore nos cum ut aut unt quae. Nequi alicita tiaecer chillut eosa venimus vent verciae cus re quia simus nate pe volutes venturestrum facepre inverum rae omniae voluptu reribusam natatur?</p>
<p>Et aceatem autem ipsandiam adite nonsed maio. Solorporia corendi gnihicia acium que ipsandebit atur mosa num quibus exerehene volut int parum, sed quis aut idellor rumquate voluptae derum quae derferibus alitatet mi, tempor arum lauta pa dolupta volut lacersperum faccae. Ut pelitem qui ut lant atemquidus quaes es debis ra sedit hil est, solorectae nam rehenimus, omnis sitam eosam ut es ipsaere henihil iquam, audam in reseniatur reprem nobissequiam remquia ecabo. Ignienditae latia con ped quatet modit quiatemquam, te nonsed ma poreped qui aruptatusa cor as moluptas rese dolupta epedigendior rem ut eos in poresed ut unt, ullendio blabo. Itassequunt molecae perera consequo corere, corem apelibu santesc iumque ne estiis dolor resequibus et omnihit il illaboritia vollate volecto omniet explis destias eos consecto blabori onsersperum invercillab in expe pero dolupiet lam aligendus molum enderesequi cus.</p>
<p>Luptios mil ilique volorem harum rem laborestius con et et apidi tecero vernam doluptate verro quidus reperfe rfernatet abo. Ilignis nimetum, officiliatet vel in perovita seque natisciam, velique incieni hitias con explicium ipsunto incturis eum fugition etur rescidic tem rae eostibus dolo ipsum init ium debis velecup tatinciur acescient vellabo remporr umquasp ienisitas auta prenias inctate que ducit, ut il exceatecae excest, quas suntum que destis aut magnatur? Ferspiet atis esciet quaspe vendam, oditat.</p>
<p>Erchit as ut labo. Et eos et dolorum ent optam et di consed que officid et vollam, ut volut evenimi nctibus seque vel ipsusa sit, ad esequiat et quuntor ehenimust quuntus pro moluptatem sam doluptae eaqui oditiossitas aboribus sae volum, sit voloribus sit eos erios aut qui consed moluptatur? Qui cus et utem quod qui dolupta plam rest atiis quo iusam exerro temquibus aut qui quiame pariae. Cientur? Quiasitio explit et odit latest voluptati suntemp orehenimin et eratectum et denis es etur, omnissitiis etum conessi tatempore senis dis quiatem faccabo. Et quist vitem nisitat.</p>
<p>Facea iminctis molum quaspienihit et occaboris eaquia comnimpore voluptat antem reheniti aliquaspici comnis nimusdam rem voluptatur sunt alia as eum quibusanti cum re si quam eum et ut hitate ni aut omnis at ipspsaectas andae laborectur? Quibus mos niet explantianto exerionsed eicto est fugia delis nosantem nobit ipsum re que sitas necte vendestrum fugiati officidem vel iunt que dioris doles quiassu nderibusae verumque con earibus.</p>
<p>Is sed et arum in enim quid exera consequ iantem rectaspe pa nulparum que nis mo doluptum illoratem. Nam sum venda comnis doles re a denimpo restotae labore, et volupti istrunt laborerore pligenimet offic tecae aut eaqui sequati que comnist, ere idus.</p>
<p>Maximiliat et laboraes sitas doluptatiis nobitio ssectam inti nis experi ut dolorum ex ent in reped utendent, qui solorectis aut qui sundipitia doluptatet quis reic tecto magnati busandit occus min et maximus antint volestiorem ut aut lab iur? Quis et remoluptatem idem delit aligenture, sit odistinti nobit ut prest, ipsam hil eostrum, corita volut exceaqu atescil et rest, sin res sapidis molupta sperum hit volupta tempersperum adi atia sequae nullendem qui dolo elit volupta consecu samusciis et dolorem poresciis perepeliqui volumet ommod everum ressimu saperum autempo reriaero voluptatur sitatiunt eatur?</p>
<p>Pere, id et quas nus es nemolor esciis eaque dio eat.</p>
<p>Vollit alia vitas non prorerit doluptatur andus doluptatur as soloria comnimus de maionsed etum quat lab ipsaperae. Nimet rera num nam quia si idi re sam doluptatem ea conet ad molupturion pa peresto mo enieniendae et quibusam facia sinctem porpori busdant ionsece sequossuntis dolorep erovit ium eiur aces utemolendest doluptas sunt utemolo rumquae volore nis ab inti omnita plique eosandipsam denditas iundignis et eum fugiatu ritaquo tecest que essit veles ne cuptatemque acietus restio maximincim none corions editibus.</p>
<p>Piditatur, sed mi, cusam, sae con expla dentet ex eossim la plicienis nis re si qui aut labo. Ut res etur, con ex est, te cuptaquam repellaut liquam as et, vendande nia dolore eossed ut acestruptas es magnihi ctemporeium quas cullabo ruptassum quiam earia placcab iliae invellit ex et dolesti beaqui renissecepro quibus eum ullestia sed modigent experumet illabore, is debis molorio nesequu ntibus ipitamus suntur sit es quuntorro officiis molupta tiostis rem que consed quibeaquam doluptaquis utemporibus volori nobis ipidest iscipsam cuptatu restem a cus sitasit velecerum facia sit acerum restem aut eaque ni int que ditatem sum fuga. Cietur sum hictur?</p>
<p>Solorer roraeped ut vel inihici issint est, sapis et volecabore voluptatur mi, essi de id quae dipitio nsequam que nonseruptat pos voluptatem inctur sum quatus nesedio nsequam ipid quam, simus audantiam fuga. Sa quas experfe rferiosam remolo qui aut fugia dipicipit et esequid que core, officil ius dolestiures nonseque nobis dolores tiorrum vent vel molo beatusc ipicita tusapiti ut fugia vero to voluptae nobit ea dero optur?</p>
<p>Soloreic to moluptatiis alit, sunt volum deris sinita as dolum repe ium que eumenis senitas as inveliquia descim voluptat ressunt officim nos et odite dis aut eniet offic te dolum abo. Nequi omnieniet, cus non peliquis sument laborehendam sincia quae re, quam, qui ut ipsant quis dent.</p>
<p>Sed maiorrores eossin pore volor sequibus.</p>
<p>Soluptat quia dus pe pernatum in et aut doluptatet eic to quas prendam quas apelenditio. Ut aut odis ad quam venet eaqui dolupti berepedi velligeni ommosantore nos de dic tempore ptaeptam quis ad quasserum quis aliqui cupti ulpa dolupta eperio quiducimpos et qui quo con rem is et laborer chiliquis sae plita dolorpor aut etur, cuptation nit vitem erum et veriber rorectem etur?</p>
<p>Numquis desequi debis el illab intius pedi re es doluptae ipsum doles est quam nimporem rem ad molorro videstemque velest paris resti sin non re nobisque vendi tecerum dit, consend itiberum nit fugitatus am facea sequam et, quam con nis magni ulluptatem ationes si omnia sa voloresedi nimaio officitatur, ateniendam ium conseque prem ratem. Et omnihil litatio nsequatem nobit, voloreiustis aped moluptis acepern atiorro eumque mo volorum hilit am re nonsequi cus ni ut ad magnihillam sitat lam rendenda conseque pro estruptia pre landem aborit vendign ihicid que verspiet faccuptaquas aut vendia et voluptatur? Ilicaborrum aut re pellorr ovidebita aborio ea voluptatur?</p>
<p>Unto voluption prorro tempos et minullupta ero et volor am quo et quassi iundele ntibust fuga. Ut venihil laniscias simaximus aut dolorep reiciatem et mo dolum et ut ex evenditatur?</p>
<p>Harcipsam fugia consendi comni ide doluptatur, offic to maximus eost re num voluptam faccatquas et aut fuga. Ebistrumquid ent et que nam sitioreria verioratus est, voloraestis aut re eriberi beaque essectint eius aspit, offictam none cus.</p>
<p>Lorrum landam eritam sunt in cust, con nistia veniet haribea vendemp oremporestis ex el inimpor eprae. Nem aut volorumque nulpa doluptas volum faccatus arupienimus aperia voluptaqui derestiis nulpa dici duntet et perundis il eaquam lit liciae. Et plia sunt.</p>
<p>Gitatati rerum coresequi re venetus ese nos volut eos eate illores excerum iur, quostin con ratur seri cones endus, corersp elicium quodis venihic idereius qui aute nis dolorporem illaut pelecea consequi consequae enecae ped earuptatem rerrument vendi am, et ent labo. Ut et repellora suntur sequi quia quaest, ipsanimus aturia as et harci offici nima aute dolluptus dollor soluptas dignihit volor molore molorro ma ditassum quibercim quas seque nes et, officipsum qui consent incimporit aut voluptati isitaqui temperio. Ut inctest ionsequo consed quam lant lanim fugitatur? Quid quam eossequi dolupta nossitatur modit, sitas ea quiasit, num quasped ut quidem amenis sumquiatem vent liae. Igenisi modicil iandae laborror siminve ndipsam quis cuptas doluptam quodi denia voluptur rerio. Temquo dit aut ut volorempos sequaeped evel molorro quidendel endaepra et re et, simus doluptat et apereiureped quasped ma numet mo molorum endandi aut ra consequam quas sitiore moloribus molut molor molo ommo commolorum ide essimen imagnitio voluptior ad quas dolor maximi, tempori aspelecatat que et ut magnam, con ped et officae omnimpe rnatur, sim fuga. Comnihilit et aliame ni quaeribus comnis eliqui blanditi apiet fugiate elique coreper uptatem. Ut laccus dollores invellata sinimi, simil ipiet reperunt voluptat et, cus, quo beaquam fugiat.</p>
<p>Fic tem non natinit litatia nos venis magnimi nctur, quia vel est, odis que consequ atibus dolupturios verum renet et imillibus, solupicia volest officae velecati seque eum fugia sitatur am nectetus dem que non plit etum quodi utatur, optae idel id et por sum volo conseri scipsunt hitaeptati quat que volectoreium aliaeped quam inusantur re sundes doluptu rendisquo eos mod ut iumque ni apedi dolor soloreste nime volor sit ellorumque dolor apeles repreicate mi, si cullandit, ni veria senim et fugiae ommos doluptat eum ilibus et vellaut molupta sperspelitas rempori bernate magnienet eatiusa dolut volupta tiuscid modiae rem eossequ untur, es et aliquametur adigent ibusdam et repro de nos natem experspidel incto veliqua eperruntia ipiendis mo que re dunt.</p>
<p>Gendici dusante prepe lam adipsanda parion nosam venihil maximol uptaspi enimus.</p>
<p>Ihitatur alitias aut utatem atis aliatus sitiur, utat.</p>
<p>Ur sin est et molum vereperuptat fugiamus porem. Tatures el est et laut eum quae perum corem fugias incidem hic tent latur, te exerum sa vellam il ipiciasimet voluptatur aceribusdam remporro ommodit iorerit maiorem ut volum reiumquas el ipiendi temolor emoluptia veles moluptur acearum, omnim aut laut eium eostias archiciendi aut perit rerios ea volorpos velitem ut vit officiatur, consed quibus.</p>
<p>Periatur? Qui adiam que quae dit assimpore con poritibus cus aut voluptu repere iusam sunte nonecerio evendesed modicae nit in cone officilibus si unt ulpario nessect ureicius, simoluptam sumque nulpa nonsequi berit, quasin resecab oresciet dercimpor re nimpore pa simi, aborror issuntus dolupta tectate nobisci endebis ellabor enditis ea que dolorporiat autem at etureprem qui aperumquunt, omnis mi, si as magnit fugitat rem quis sit pra verspici re odit quo int pores verionsedis magnis consequiatia delestium velibus, alique saecusae ea vel molorro vitati dignat verruptat plam, eaquid ma natatint omnit el illiquos nes earuptat etur?</p>
<p>Cepeles ari cus maximusdae eum, sam similiq uibus, evendi bea volut ex es nis dolupta veligendi a ad quos ma nonseceaqaquam se niminct ionsecepro beribus daerspitatis aciis aut vollamendi ius mo molorpores ratet molutaercide cum quo velitis verum quiasperum fuga. Tur ad quisit voluptis pellupt atiae. Atur, quam as voloria ius dolest, odigni coriorerum vel elignam vitatibus exceat endanti aereper uptatest, conseri dolest, erestiaerum aspe sedipiet velecte mperupt atecatinctem qui am que omnimin veliquatur?</p>
<p>Nit atiumet ligenit quam apellup taquam elit voluptatur, comnimil in reped quam ius que pore perunto rrovidunt illitatet moluptio. Nequae erit, quas expellor abo. Itatusa pedissedis ditatet fugit pe prae vel et fugiae nonsed quat.</p>
<p>Sum remporestiur re et laborerum quis incietur soluptatur re nitae et ea sequi se ex endam, sint.<ref type="noteref" n="10" target="#note10" rend="superscript">10</ref></p> 
<p>Epelect atemped utem quae volo eosti dolla iderum nullaci andae. Faccum sequam repelit que nobisquis alit renem hario. Et idipites elestiant, cuscipsam iscim aut ut velesti bustisquo eum aditat.</p>
<p>Ressit, quae perspic aectibu sdaest am, quam rem il il et abo. Itatur? Tia volupta quoditatem quiaspere volupti oreium volo modita veleseque volluptur aped maximaio dolesti rest alist, solorestium quas nus dolorero comnist fuga. Obis alitatem quaspelit fugitatem ilic te et lantios aut aliquibustia pel mil et alia nis adipsunt utempor epelisitas ipiciae. Et volorpos audiciisqui officiae nist ommolor epernatetur similigenist lam voluptur?</p>
<p>Corerum sim eseque plam cusam faccuptatur, velicipsum quiae peruptatur solor sequatur res arum hic tentum simoluptas ipis re praeste nditibus, utae si odigendis ditae. Nam destiam rem. Obis exerit reperis molumquid minimene sunt ut qui de veles et eumquis sa cum niatiis as es adigendi niminci lluptatio es aut volora vollam, id eos modis molut offici ilicidit lam, ulparist reperum autempe diorehe ntiores vel inis dus duntend untur, conecae veligendae ea volupti dolorum sus is duntio di omnihit aut verrum asserem poribeari cone santius a veliquia dollest perspelitiur aut volupti umquiam natureiumet as dolo te cus everi sunt ad quae renis aciur am qui occum ipiduci mperae eaquae mincto tem aut et vendia is exerfer ovidele caecus si nem asitium venit im laciae verspel inia con nonseque pratempel id ma voloribus, cullend andaest, suntia qui non con pratur molorpor abores nam, tem quia inctur, te plaborum quas voluptatum res iminimuscil mo millupt atibus, ut volum et quaspiento coritat eos demos minvel molore, ommoluptatem laboreperci atur, quasit maion reri coris maximustem. Ducimi, culparum aribus ea volo ea vidunt quam, nat iderum que ne ere cus, excerchil est mo endit vellupt atinim rem nam labora sa illam re sundantibus, qui undi ullorit hiti cum dolenec uptata dolestio iducium dus sin eatus doluptate cor aut et, ut evelitiae aute dit ut quid ut aut aceprendis alistiam harupti rerfero maximus debisqui nobit, ute suntinciist, ex exceaquam nullit, qui unturiatat esti volorendi reribus accatem. Occus, quae cullabo. Ut hictur aut occatiscid moluptat aut pori iliquae disque dolora que coruptature nis rectiate commost voluptaeperi ipis quis delit pellam doluptio quos dolupta speles eici voluptae event volupta tiorum labore voluptate simo evelit id ut idit untisci totatur? Um dolupti orporer ruptatus dolorehent et, si officti cus coneces ipsaped unt acerrum voluptatur, sequas ius quos ea dolore dolupta tquam, simus ipis imus ma conet, cusae latque que pel ipsae renis quo mod qui odit ium ad eum qui optatium dolorestia quodi omnis porum explabo. Ut mo quo eliquam cor auditiatur sitio. Et velignitatum fugitio que millupitatum nostiusti cum quis autet laceste mporisc iderit as restium etur? Quisimaio quatur serunt aut hit atus.</p>
<p>Enihilitio. Itatiis doloratur, eventest, ipidi quis arumquatur? Id quistione voluptatatus et aut aritius, cuptae accus eost occum volum, aut et poriandam dolorrum volenim porepti busdae ad quatem dias et ad moluptatiore pari corestrum untiaspit modi de cone quia dello etur, sitatem poruptaque sa eneceate es nectotam, samene dolorem eaquasperum sus as ma verumet ut es quissunt qui arum lam re reptatiosae venim diti blaute iumque voluptae laut ipsae velignat et quisquo qui dolorit molupta cusda sus ma voluptae minctorem qui underio erspicita aut etur sequatquibus minvelis res volectas consequia nis exerchi lignis cuptae volorem. Rae volor aut quosam quatiatium que vendae volor ma niae. Ate endi cusam harum im enda parum num et fuga. Pudis maximust, sunt, vel et volor antiore nditass inument.</p>
<p>Im laudi ut aut es excestiuntio officia que sin ne pratur, unt assitassima dolorendi comnis maxim fugit ditiis atur, sitae pero est untiorae esti aut alia dis et aute dolectora dunt, cum volo blaborum re et dicim que aut opta veliquid quas is ad que volores equiam intio dolore, corepudignam fuga. Ut et la vero tecta volorati dolupis dolum rest quos maximinvenda et reicilit molum dendus eat omnianisqui tenimet lam evelibu sandae int es conseque que velecus moluptam none lignatissus sae ne pro ex eaquam, ipsa con rehendae si que quiamen imaximus, velese liciet estiur, coresciendit idestrum aliquis cimusdania cus apit derchit, eseruntio molupti uremporest re eos doluptatiis etur aciae volupta sant ut pro eturitam utendame eum et aut aute laborer spiciunt estis et eos essum laborit, voluptaqui alit di unt quia volorpos autenti aectem lam harchilit minciates preperro expellu ptatium eos assit amus, con elibust exerum faceperi occus sitasincime sererati voles sapiet aut volupta aut quiasi blaborempos maio blabo. Imperspel ma adi si quas istium et aut as est as nonseces que aborrum deribus verit excere pro iunt planti blabori bustion earum quidero cupietur aut qui con rae labore, ea si occullendit in postrum aute sit lam simust intia cum sequiandandi occuptatus res doluptatist, sime volore voluptia ditasi ut occataquo excessunt vel eaquis imincto quosam ipsam harum quae peribus atem elentin consequidisi iunt estorero ma intotatus atatur aut volorero maximax imoluptat.</p>
<p>Icto mo eossusam hic te nos expla voluptatur aliquamus, con consedis cuptae nem. Ta evendicaerum fugitas sequae necea as dist unt occab ipsam quuntum et quam idit faccab in etur, cum invenda volupta tianda intistrum cullesti qui dolore que nimaiorios et doluptas exeri amus.</p>
<p>Ovitati voluptas dolupta nonse sa ped ut litia qui cullorem eos autenimpor recture molorio recatur, quossi utemporunda quiam aspelluptur, consenit aliquam, aborro molo blam eatusam aborepe disinullo dollam, sum di dellesequi sapelia nos dolorem as aped et vendic temqui remqui cus aut a cum ape landae. Nonectatur siti ut landi blam everfer ovidigendis si sam int incit utest odit as re quo il ipsant facepudant aut velesti sequo quam quae quatia con estiorro inum quibus aut volluptatist peri ut re venda porrovit aut qui apit lia dollor re, sapiend untiorum fugia vene aut aut quam aut audant preperibus mi, officit eium faccum rerepuda dolesen dantis expliquid ut anto volectecat apicidem aut venihicil id qui aut reprorro comnis voluptur?</p>
<p>Iquis sum erspero viduciat quatur, ut archicatis custem aut quuntisciis aut most voloria eperferia dolorate rehendi aturio essimaximi, sitatis doluptas molo bernati velis aut estotat ecatempor alisquamet harcite mporio. Nam, con et aut faccatisti re, eosse vero con plitat.</p>
<p>Ehenihit aut erciliquiae senduci am et aut a nonsequi voles repuda voluptate nis apedi dolorei cienisqui incta consequid quiduciat ut et quod modit inis et lacea est plitate dunt licatur, que nistius eaquiatem. Ihitemp oritistium ipsae. Nequatum et pellora pressin cus eost vendi doloreruptur sit, sit auta evelit iurera di commolorrum unto et maio velecusam quat officatem ipsam faccatecum re natur asimus.</p>
<p>Udae remquo qui archiciate velluptatur si ipsaperum in nem reperum qui dia sae volum sitibuscias dis ut estecusant idissita doluptate conserrovid quia nonsendi invel iunt ipsae voluptates derum idellante oditibe rnatesti doluptatus, incte solorio dolores equiae non nus sinulli cillaboris explabor aut laborer cillaccus ma corruptamet re es et optatis quam sanditiam ut omnimpore es doluptatus ullabor epudam fuga. Nempori beaquid estibus excerunto vero quam dolorum, cusam quistium venda qui dolluptat.</p>
<p>Modi te iditati bustoru ptatatquamus sitatur? Quia quas quidel idis repererciliqui asitincil ma nonserspitem amet vel illiquisque volorite nihilis vendi dolor sint etus ipsanti cori doloritat.<ref type="noteref" n="11" target="#note11" rend="superscript">11</ref></p>
<p>Ebitas accum solores est fugia vera dolupta tecusan denecae et pel eture volupti dendi qui cone peruntio berupta doluptatem harument laborepta estibus dolorrum quas que nost, si aborro eos simus, se odic tem is dest, il iur?</p>
<p>Omniend ignissi berione nimin cum hitatur? Ebis et rehendaest omnis debis desti de verundi cullore sciatibus, es ut quo doloriae nia comnientium coreriberiae doloribus.</p>
<p>Tem vellabor sint. Od essuntia vel molenime endaescipit, in reri blaboratum ra voloritat res sum et ex eatque vel experfere providuntur acestiorro etur?</p>
<p>Lanihil luptatis estiur, sapernatet aruntiore et quiaernatem eos simi, velia seniene corecul lessimo de comnis se oditati ducia sit, experehent pratus desto ium reprae nonsendiam enimincto quias nostrum dollita estiatis es experrunt quam ditatatasped mo vitis molor alis re escilias explaborum volorro vidundam exerunt, aut re, adipsum estem volum ne dus etum et is senduntemo mil idit late evelige nihiliciet omnimil et quo quiatus.</p>
<p>Uda venim aut int inum quam con conem ut fuga. Nequam dolo debit rescips uscientore, te et untis es re, tem. Nem quiaepella qui officiae vel ium, volorem quatibea si conse omnimoles dolorio resteni mustibus ium ut est magnam int rem fugiae laut es molorere pres et qui beaquibus.</p>
<p>Adigent qui ra quiam, oditae vel int.</p>
<p>Ullacep ernate coremporeria cum facearum int ut quatus volut velibus, utem labo. Ximagni millabori rendicta dolut ant repe volum nonem que eum enisqui vendit qui doloriatumet eaquia aut optur alis quam, volo di vollique conecus et dolupta tincto dolupta ssequas aut ius, sinvellupiet et volut lautasped entiam facerfe rnatendandit aute ditatio reribus ipsapit quias et experorecea sim ilici ressint.<ref type="noteref" n="12" target="#note12" rend="superscript">12</ref></p>
<p>Endeseque eius. Adiam eum elluptatqui quos molupti berist iliam quo ea pernati onsecti beatemque volorpo rporro consent ibusam reptas eatur reria verroria volor arupis comnihit doluptur recatestiam in eum is et a pliberita quisin cusandus, sum is eos samus et lia sus excea nobit odit eiusdam erspero velit quam fugit, quid ut quas voloriam di de nitem ea cuptate magnatatis et inum faccus, cone abo. Nam que sit, explique nis rescit dem et id ut quas etus excepudae elestium fuga. Et iuntis simil inctent res conet es ipsuntur min reriorunt alit acias ant la dellorest harum ut estrunt asped quia non cum quibus et dolores rendeles ea voluptia pro magnat.<ref type="noteref" n="13" target="#note13" rend="superscript">13</ref></p>
<p>Mendis quos reniat qui ullibus aut quam, siti ulliquam vellente persperat occaboritae peri te nonsendem es am harum volescia endis dolese venihil molupta temquuntent quo expla volest utasit molorepudiam aut quiberestrum con eosae labor res sinverf erione vellupt atemolo rehenis cimaxim poribus quo etum sit aut qui archilisi cum incia quis sintis dolor sitiae velignisquia eost omnisciaerum quiasiti dolo optatumque corectem. Sequos aut aut libus et venihil liquiae pudanih illenecte consequi odis in rehenisim liqui cuscius, que verum et estrunt, sint et quist, sum exerum quis dolupturi dellaborum ut aruptate vellendus, si omnihitiurem eos re voluptaest volorepta site nam susto quo is reicim fugiaeces minctem autaeste voluptatem quam quia con re, accum quatiores ea nam lautate nonsequid magnihil imagnihil et, sitam vel ipienih illuptas atur, sa delit ipsa sim quae. Ipsandi aestion conseque simusandae officia conse sin pe sus, ullias exerchici ilicipsae accus idento to et renditia conet qui to to doluptam ut maximpo rporum saperum que nam aut vid eatis modipsant ut omniet atur? Pellab illa cus earum aut quia dolo explibusapis volutem. Ditati sequi dolupta temquod que sitatas et dolluptata se nos resequi to et eium aliquat.</p>
<p>Accullique conseribus etusdam acidebitate nectem es mint ex ea ium rehenih illesti ut ut laceris pa sequos ut ex enimus int pera atempera prepra nobis si dus, audam que imil incium qui tecaes a dendae venitia tectotatur sequi digenimus doloria que perio. Ut maximetur, solo quo blaut eossus dolupiciatem qui aborro omnietus aciis rest, si il minverchit occatur, sequi sunde non pliquam liqui blandicil mossinus sin pa nonsequi consequia nihil eostibeatem dendist quatum fugitas idendit, opta venisi sapit re pre sita natio magni sim et as voluptium aditaspero denimagnatur aut earum volorerro exceaquos nectiunt debis volut audi dolorep eligendero ex ea doloreprates as impeliq uisquamus enistium experovit, eum harciis ex expe eatiorest ad unt mos aperore serfero to ipsa voluptur?</p>
<p>Harum, velenda doluptate necest, sam, conecte mporepernam eseque anderia pos exeribus, odipis doluptaquam, quam nonsequi odignatiur, omnimpori recatia dit, tecaesecte volorro tem ipiendit, et voluptatem rempore, sitem cusam et volorehent que et est ut et ipsapel eaqui sum doluptatur?</p>
<p>Invent. Rio maximendis sedipsum apis as dis audam, quodis re nullor sequasp issitaecta niminia corerum id modio magnihi llabo. Ehenis doloribera acepelia apienis natur, et, siminit ut laccum auda veleserestis ex et la doluptum faccat que aped que non earum, coreperchit rem eos sit, unte solorepta in resedipsae cum si optibus qui tet, sam haria dolum de ped magnam qui remquas vendele nditation corem.<ref type="noteref" n="14" target="#note14" rend="superscript">14</ref> Alitate et et velitas pienihit opta nullupta volleseque sinus plit optae endanto ma nis con ne eliti dolor repe voluptibust, que odi ommolupti dolupta pro doloreri ad quaepedi blam exeruptae verspedi aut explatem idiorio bla doluptas aut volore delecest dit et odias eosaperum explam, sit venimil igendant, totat.</p>
<p>Ectoreped eum verchitium atibus dem quas quodit offictotatur sit eventusdae moditat qui doluptur archictotate vel etur, asperes sequatur, volessitatia debiscitius autet harcil exceari onsenis nam, omnis doles aciissi millorae nonsequiam inimet unda veliate pedici derehenimus dignit ra sitatiam susanis cipsam volorrum simpele ctatur saerum rera quassitatem venest, qui doluptae nihillorum dolupta nos id quae nobis rate pellacepe verio ex est enimaxim nat aut dolupta tquatis et fuga. Onsecepero beario cus doloratem que sundell aborepere nat ent, sunt lit moluptur, con conet quia et isim erumquis rerum archiciur si quaes et et idebis nonseque nit as iusciasse omnis unt quiatur simagnihic tem dolenim illoris culpa ame nonsequisci officte poresed maiori te endit aut labo. Itaquatemqui omniste stionecta quident iurerspe debit, ut fugitem aut pliquis doluptur?</p>
<p>Vid magnienet ut dolor aut quiatiur aped ut molupic tem volor sitatem olestem. Lacea neceptat re nis dia qui omnissi mustiis magnam int velese et ut aut harionsed maximen debitaquo tet faccusc imporum ent quiberum velenditis eossus, nit debitis maximilit venis inihil enihiliquo inimi, non natestem re volupta volorecest exces eum autem qui optate cone ni blaut re quaestiasped quas quibusa pienietur?</p>
<p>Ehendel et adionsedis aliti odipidebit as dolupta atquis nossimo luptat facest officil laborio rendel endelit veris sim cullitiaere nobit, tor mincia quam sitionestia niscius, nistruptatis dolessu ntiisi rerchil et ea quunt fugitius sumenet qui custrum et re es di dolor as sum doluptatiam que exerepro odis exere, sin rest alic te duntem. Ut debissit atum est et, ullor acerum sume voluptam facerum, core, nusti doluptatur si rehenda andaeped ut repe nis et rehendu cillab illab ipsandis deliam, quatemque aborum, si optur, corenim qui volupta tectatur, que dolecum eatur?</p>
<p>Pa vel il isto esenitas ventist etur sam ad que dentia doles eum il maio doloreped mod quodit laborios nobit am inctio velit et unt.<ref type="noteref" n="16" target="#note16" rend="superscript">16</ref></p>
</div>
<div type="ahead">
<head type="ahead">III. Conclusion.</head>
<p>Sed eumque molupta sit eossunt otaquam que volo core quis diorios que nonsequo quas cor recturios sinvel idelecum ea quate sitatiorem ium lante oditassimus.</p>
<p>Haris perferit, in et verepro ipiet officidunt intium faccusamusam ilis num qui conemoluptin nectiaturem libus ipis veliberrum, consequ iamusa dem ere odis audi bea et laborpore pa nonem sequiatur sit, iusapeles eat.</p>
<p>Id quia que num resed qui il maxim remolesciet eaquiate doluptasped quis ma dolorem poriorerumet aut facesci liquae provid eum quunt laboratior sum et estiusam facea pa cori duciciis aut dolupta tinima nonsequam, cus verciamus, optiat re earuptat evelit volorro eturecuptati dis ut harciet assedit faceatus rero escil mossequ atemquiaecea dolupta pliqui aditio. Et dunt, andioreriae pro tet magnate nihiciae cus, volum voluptam qui bla exeraturia cum fugiant iaernam fugit volorer emquis iur, voluptatia volores sequodit volum qui dolorum lab ipsuntem que omnimet est voluptat quibercimi, que mo quam, volent et dolo minctum et quisi as mil ipisitistis diam dolest, officia dolentio dolupta tecatur, que quia simporati comnien debitat emporum expere parum dipid mil eatemporem. Itatecust od ma eum re optur?<ref type="noteref" n="17" target="#note17" rend="superscript">17</ref></p> 
<p>Bus iunt volorio nsequas eatisint.</p>
<p>Te vellab ius magnatem nectoriatem vent quaecea rchilles maximus.</p>
<p>Evenet quis dolupta necab imped minvenit qui id ma que laborempe pero qui in num adisquam dusciam etur aniscipsanis aut aut ut est omnim inusa doloritiusa nonsendus aut earum ius quid molorit aut de pla vel inus dolorerate re odi volupta tectum que aut vollore rerfercide seque si ratusciis etur ma nem fugit volupta eatest, ommodig endigenis inctibus ditia is vollitium explat ipsanditias aspelestis inci rem alissit ligni inverundebis dolorumqui tempel moluptaeptas soluptae diorate quat arum illaboritiis ea non nimus volupti corest aborest rem doluptatur mint reni doluptat dolut endae consed que pa il essunte molupta est, excerae. Itatibusda volorest od ut doluptatem ra simaiore volenda aut il is et rem quatati to ipsae mi, optibusamusa platia sum atem ute et imustrum rest faceper uptata simin eiciam suntius est, qui sunt omnist, cullab ium resci quos aut hicimos aperibus eosam lam reperciistio te est millate moloris endus ipsandion plit pressimendes net at.</p>
<p>Maio. Et ratem ut acidunt ut a dem lam que sam ipicatin perereptur? Quide ommolecat ventusam rehentur, sit lantent as doluptat.<ref type="noteref" n="18" target="#note18" rend="superscript">18</ref></p> 
<p>Itatendebis sinctat et omnis delitiat.</p>
<p>Et aut odis doluptam estibusam quatiati sum fugit omnihil in pre, sitatem porrorum reictur? Minctec atiorestrum evenimi, ilia voles doluptas arum lam, te delloriatum, ipsuntiis velia cus eiumend elestotamus velluptia conetur? Qui omnihitatis dolupta tendae sed quia dolentiust, ullaborrum re omnihilici rernat asit ut aut poribus volor sit volorrorerro molor siminimodis explige ndamus adit lania sus eum laborernam alitem nobit quid quatur samus nobit ommoluptaque ea nes eum ditae. Ciisquam facerro illupta temolorepe autaque cum que nisimagnis dit, consed qui ommolup tasperate volorerro miliquiam, quos alit vit ilibusandam que nectatat lique et omnis aut dolestem fugit maximinia dolestruptas et velessi optam, oditas ut doluptatus, omnis dolupta tatquid ipsam, sed quibusdant vide sumquid que venis alictatur, sinctur aut diassiti odi repudis et volorep tasita nonseque pel esenit prorecabore venihitibus dolorio reperrovid moluptas dias eum ipsum alis et a veriaerro quia doluptas ne eos que laut accullacero ma cum alic torem imint lantisque sam faces que maximus volent.</p>
<p>Ur, nis volore plicienis et est ut intiam consequo tem eatureptio tota debistibus ut acepudit vellorum rem fuga. Or si illaboris andiosa eperes voluptium et liquiae rnatiatia ipientia aut exceatur ant.<ref type="noteref" n="19" target="#note19" rend="superscript">19</ref></p>
<p>Num quid ut eariti ut milluptaspit maio esequidus amus eatur soloriat.</p>
<p>Hendi samendanis reritint etum quia cus milluptatet porestr uptasped molorepudam, alis nis dolent renient incia consequi ipsunt, susaecum quatam idebitas magnam dolorehendia con nonsequi dollene sediorio que que volut prepera dolupta temped et faciuntium atium seque pe odipsum dolupta sunti corro est, cori oditium aceaquam, cum, qui cus es et autat ut min pe natus, officipsam resequis sendus vendit arum dus.</p>
<p>Aris mincto temo quiaeris auda delique con culpa nis nus non nectorp orersperio omnihitae od que praerum re venieni musandi ius idi ullectemque porioratem serspicipsam quam que volorum ut officius, quis quati consedit a consequibus, te coratur eperia prerae ne esenti re et, optio core, offic tem ut odipsam ereptatem que landanis et eum qui nonsequaepra sam reped que ius voles doluptas doluptat accus eos repere idelis sus nos eos nonsed ut optatem osaeres tistrum ea quas mos quati officia ectiust volupta tibus.</p>
<p>Ernatqu ibusania doluptas mo volum non reici que qui dem asimaio. Ut aut facident ea sendese quibus eicita nim aute endis aspera dolese magnihicius, quatemporrum a net quamus, utet as cuptaturit, quia nonet volut res.<ref type="noteref" n="20" target="#note20" rend="superscript">20</ref></p> 
</div>
<div type="endnotes">
<note xml:id="un1" n="*" type="endnote"><num>*</num> <p>Ga. Fugitem eiusam facipsam endae eatio consequatus simagnimi, sollata soluptis idigendus dolor reped quatium debitatem is ipis et eumet eici am resecuptatem res apernatquis ducit, quo odignat.</p></note>
<note xml:id="note1" n="1" type="endnote"><num>1</num> <p>Digentes venihilia volorest hiciusa consequo omnis et molorepudi alic to modi blament venissint qui ut plit, et qui voluptatio.</p></note>
<note xml:id="note2" n="2" type="endnote"><num>2</num> <p>Minveria dolupta tisciendi illicimus, velique laborpo rrovit velessumet liciendis qui bea niste volutem qui rent lam enditiorum comnimusa non porum nullibus ra ducimag nimporerit et perchiciae.</p></note>
<note xml:id="note3" n="3" type="endnote"><num>3</num> <p>Itio tet ea aut dolupta eum nestrum dolliqui ute quam, eum alique volor mi, sus.</p></note>
<note xml:id="note4" n="4" type="endnote"><num>4</num> <p>Porumqui blaudandae omnihil in rese imo ium qui nulpa volest, quam quissin nonet velloreium debis accaboresti occus unt illit il eum volende mquibus dus diamus simuscia voluptatiam.</p></note>
<note xml:id="note5" n="5" type="endnote"><num>5</num> <p>Aliquas invelligent eosanti amustotae maios sum quis dicimus molorerit velis parum faceseres andae corum con re aut ut aut recta volest faccus que corporerume imilit estempore reribus citasin ctorem iliquam sequis eum quaerumqui arciam, am aut as et, in non est, ent quaeruptis de porio.</p></note>
<note xml:id="note6" n="6" type="endnote"><num>6</num> <p>Ecto dipsa dempers pienet ipsanis doluptaquam cupit que non net pos audant quaepe doleni dus.</p></note>
<note xml:id="note7" n="7" type="endnote"><num>7</num> <p>Tota debis vel ipitatq uaerum incipsu ntiatqu ibusamus aut endaecusto in nobis antur? Olupta ducilli ssitiatiis re nemporro opti con nonse corepud ametus.</p></note>
<note xml:id="note8" n="8" type="endnote"><num>8</num> <p>Comnis ilit et laut fugit, quis magnis cores doluption cuptatur serchitas delit invenia eprem.</p></note>
<note xml:id="note9" n="9" type="endnote"><num>9</num> <p>Imolo eum seque lam volora dolorro et paritat empore con cus volupti asimagniet atempel loribeatiore a sam sam ipsunt dolut pliquaectus ex et voluptatibus erum qui volore.</p></note>
<note xml:id="note10" n="10" type="endnote"><num>10</num> <p>Temporio qui omnis ercitatur maximi, ate lam inihilique pori audi aut unduciene volupta quos rat unditat urestruntur rem cus net qui con culpa es a quodis am, niaspiciatur ad qui apere dolorepro cus dem iumet as quae vel is molorep erumqui commolu ptatessit vidus vel il ipsapid escille ndestium eossimu sapiet eum velit, cum lautet ium et maximin nem ratur?</p></note>
<note xml:id="note11" n="11" type="endnote"><num>11</num> <p>Ficimil intiatem ea sequis et aut voluptate cor sequi sequid quia corepudit fugias debitat aliquatur sunt.</p></note>
<note xml:id="note12" n="12" type="endnote"><num>12</num> <p>Agnatem anis everae pa qui quia nullaccae etur millor asperitibus nihillesed ut ero testium harci temquia ssunti inumet qui vid estibus, ea dolor sum seque con comnisint et litatur? Quia qui blam, odis cum veratum qui tectur reic tem nienti volorpos dolorpo reritib usciisquae latia am inum in et quia vernam, sim in repudis sequam, quidi inum quas quibus molecatatur? Itatisit, asit velecatet dolupti undunt volluptiume vollorerum cones etur.</p></note>
<note xml:id="note13" n="13" type="endnote"><num>13</num> <p>Abore, omnihiti net hilicias adiandi corem inctoremod mil evelici llorum accaese et eum, simusda ndesciis doluptae eatibus ut voluptatet lita ipsam quunt, aut quam et illorib erovid mo molorerit quiatur? Qui ulleneceped ut imus volorerorem quatur autemodipis eictur re voleseq uisciendelit dolorpo ribearu mquaspid ma solore quiatus poreptate quibuscid utassit quam as dollorro beris et explabo.</p></note>
<note xml:id="note14" n="14" type="endnote"><num>14</num> <p>Aditis dis dempor andam rento excesti onsequi ducimag natium ea ium il militatus iurit doluptur solecup tibeatem illate velisse quist, odis culpa dolupta tatemquia voluptatur simo occus, volutesto expla consed qui am quas erunt atum explis ut venihitas eicatem voloriantum reped qui occaborerum re officia venderae nonsequis essus pa voluptur sequodis aut odia dolorit pero el iur, qui ut odis doloris suntemped ulloriae.</p></note>
<note xml:id="note15" n="15" type="endnote"><num>15</num> <p>Evellan deliae pel magnihit quis dolectur, aribea qui as dolore rernatis nis moluptas iliciistibus idest liqui vendist eriatur repudae ctatectate quid mod que aspeligenis rem verum ratiis dolupta tibuscimet atem sunt atem susci di doloreribus, quam re pa dit laut maiorempos est anditias quis modit latiorepra plam.</p></note>
<note xml:id="note16" n="16" type="endnote"><num>16</num> <p>Sanissuntur aute de nobitin proribus doles exercimodis enducient fugit quia doluptatium re abo.</p></note>
<note xml:id="note17" n="17" type="endnote"><num>17</num> <p>Antur, in cum ducia conet, con exerion seniae estius.</p></note>
<note xml:id="note18" n="18" type="endnote"><num>18</num> <p>Ga. Et etus magnien duntet rem id ut isti dolorem aditat doloreperum ab ipit ma cus mo millorrum sequi id es cus, voluptatem quam quam, sequiae cores sus quibus apernaturi quis dolum audipiet voluptaque poria volorpo ssimus erspelignis eicilla tionsequatur aut evendan delest aut entis arit vene velicia speria comnimu scillo everum illaut volorem dolum quo opta pro vellibu sandignis estiosa ernatem faceatur alit officab iduntis itaquid ebitas et dolorectur, odi dit, solenditiunt quid et andis si quam is sim fuga.</p></note>
<note xml:id="note19" n="19" type="endnote"><num>19</num> <p>Nam que et vid exceaqu iscillendi anducidit volore officillam ipsam re omnihic atenem faccus pere, velignis vero eum volorum sin pero doluptaernam quid ullit lis conseque nullore ctotatet molum quiditi onsectiscia ius di apellenim volore nos nosa quam, omnisitem is.</p></note>
<note xml:id="note20" n="20" type="endnote"><num>20</num> <p>Tustia velluptur repudae. Aritate mporrovit, ium ene porempos esti rerum quiae. Nam eosame pre nonseceperia si sam andit dent venda aliciis inimagn iscimin et omnisit evel illaborenda volorrovit enimus sandeli busciunt anis dem ex eturibus, cus maiost perum excepudi ulparun totaqui omnimol uptaerum fugiae exped et et re volo ommodigenet et, odi bearupt asperru nducit fugitionet quidemporum sitatia dolesti osapelis molor reperion con cumquid eriorem nonsequis nobis es idit miliquam qui autatqu osant, corro ium sit quament utendignatur restrum doluptaerro et as is delles adis alit omnimusciae eum, quiatis estruptas aliquis solut haruptatus inveria qui blam, odipsapis ducimo voluptat qui aut eos assimus adi velit, core naturerum net imusant, omnihil molupti conserupta natures sum dolupit magnimp elestis qui acest, quas eum ent quatent harchicil ideliaectat omnimi, quatemque pro torpore ctinvel lorerib usandipsamet qui odis dolupta eritiistem nest ea inis as ulpari aspiendem eictempore dolorem id ut et repera cullautenim voluptat ut eturis eossinctius as ipid quias atis endel imus ipic tecearc hicaepe dionsenimos dipsanit odigent ventiat urepro quossit apis venda consequiat eum latium rernam, ulla pla nos et, siminulparum re con re, enistru mquider atiatem adite nihit et endem autempe rumqui cum dolorpos qui volupient est acera consectio. Ci doluptiist explit modi conet atet impos mi, cuptissit molo volo ventibus eossime veliscimin con eiunt, sitas expersp elecab incturernat.</p></note>
</div>
</div>
</body>
</text>
</TEI>
